version,data,status,split,mask_p,mask_r,mask_map50,mask_map50_95,leaffolder_p,leaffolder_r,leaffolder_ap50,stemborers_p,stemborers_r,stemborers_ap50,git_branch,metric_source,notes
baseline,data-v0,completed,val,0.717,0.620,0.683,0.329,0.679,0.482,0.604,0.753,0.755,0.763,main,historical_record,待用统一 best.pt 独立 val 复核
baseline-b4,data-v0,completed,val,0.657,0.609,0.656,0.322,0.595,0.523,0.574,0.719,0.694,0.737,codex/baseline-b4,runs/segment/runs_seg/yolo26m_baseline_b4_seg_20260730_160726,与 V2-P2-b4 的严格同 batch 对照
data-v2-baseline-b8,data-v2,historical_reference,val,0.694,0.605,0.708,0.374,0.698,0.600,0.689,0.690,0.611,0.727,data-v2/main,experiment_records/data-v2-baseline-b8/val_metrics.csv,旧环境历史参照；best epoch 259；5090 新实验需重跑同环境 Baseline
v1-cbam,data-v0,completed,val,0.753,0.633,0.700,0.343,0.662,0.552,0.607,0.844,0.714,0.793,v1-cbam,historical_record,待用统一 best.pt 独立 val 复核
v2-p2,data-v0,completed,val,0.650,0.624,0.682,0.335,0.650,0.512,0.589,0.650,0.735,0.775,v2-p2,runs/segment/runs_seg/yolo26m_v2_p2_b4_seg_20260730_022727,正式 batch=4；与 baseline-b4 严格配对
data-v2-abl-000-y26m-b16-s42,data-v2,completed,val,0.64822,0.67252,0.71132,0.36348,0.630,0.656,0.677,0.671,0.687,0.745,cloud/data-v2-5090,runs/data-v2-abl-000-y26m-b16-s42/results.csv + weights/best.pt + train_data-v2-abl-000-y26m-b16-s42.log,commit 1c63ee4；总体为 epoch 216 精确值；分类别为日志 best.pt 复核值；results.csv 中 official fitness 最高行为 epoch 216（0.81977）
data-v2-abl-100-srcbam-b16-s42,data-v2,completed,val,0.69962,0.64107,0.70884,0.35097,0.676,0.582,0.662,0.724,0.690,0.753,feature/data-v2-abl-a-attention,runs/data-v2-abl-100-srcbam-b16-s42/results.csv + weights/best.pt + train_data-v2-abl-100-srcbam-b16-s42.log,commit 9d0c479030ea8124fd6260592d3e31ce855cebd3；总体为 epoch 235 精确值；分类别为日志 best.pt 复核值；相对 000 的 Mask mAP50 / mAP50-95 为 -0.00248 / -0.01251，按门控淘汰；results.csv 中 official fitness 最高行为 epoch 235（0.80644）
data-v2-abl-a2-p3-zrcbam-b16-s42,data-v2,completed,val,0.66346,0.67319,0.71506,0.36109,0.598,0.649,0.655,0.727,0.701,0.773,feature/data-v2-abl-a-attention,runs/data-v2-abl-a2-p3-zrcbam-b16-s42/results.csv + weights/best.pt + train_data-v2-abl-a2-p3-zrcbam-b16-s42.log,276 epoch 正常早停；相对 000 近似持平，暂不进入组合；实现提交 a38aabf，训练日志未记录 commit；results.csv 中 official fitness 最高行为 epoch 176（0.82146）；总体为 epoch 176 精确值，分类别为训练结束 best.pt 复核日志值
data-v2-abl-010-dice-b16-s42,data-v2,completed,val,0.70942,0.59795,0.68016,0.34625,0.678,0.602,0.651,0.739,0.596,0.711,feature/data-v2-abl-b-dice,runs/data-v2-abl-010-dice-b16-s42/results.csv + weights/best.pt + data-v2-abl-010-dice-b16-s42.log,完整 Run 已核验，300 epoch；BCE+0.5×Soft Dice 未通过门控，不进入组合；实现提交 1d1a71e，训练日志未记录 commit；results.csv 中 official fitness 最高行为 epoch 243（0.80359）；总体为 epoch 243 精确值，分类别为训练结束 best.pt 复核日志值；相对 000 的 Mask mAP50 / mAP50-95 为 -0.03116 / -0.01723
data-v2-abl-001-p2head-b16-s42,data-v2,completed,val,0.72949,0.6002,0.7013,0.35116,0.654,0.608,0.659,0.735,0.641,0.741,feature/data-v2-abl-c-p2head,runs/data-v2-abl-001-p2head-b16-s42/results.csv + weights/best.pt + train_data-v2-abl-001-p2head-b16-s42.log,完整 Run 已核验，300 epoch；训练 commit b8001b6；总体为 epoch 282 精确值，分类别为训练结束 best.pt 验证日志值；相对 000 的 Mask mAP50 / mAP50-95 为 -0.01002 / -0.01232；results.csv 中 official fitness 最高行为 epoch 282（0.80954）；全部 CSV 数值有限；本次轻量 P2Head 未通过门控，不进入组合
data-v2-abl-d1-p2proto-r2-b16-s42,data-v2,completed,val,0.64137,0.68318,0.71245,0.37327,0.602,0.686,0.686,0.681,0.696,0.738,feature/data-v2-abl-d-p2proto,runs/data-v2-abl-d1-p2proto-r2-b16-s42/results.csv + weights/best.pt + train_data-v2-abl-d1-p2proto-r2-b16-s42.log,300 epoch；实际训练 commit 7d277b6；总体为 epoch 278 精确值；分类别为训练结束 best.pt 验证日志；相对 000 的 Mask mAP50 / mAP50-95 为 +0.00113 / +0.00979；保留正向候选；results.csv 中 official fitness 最高行为 epoch 278（0.82836）
data-v2-abl-e-dysample-b16-s42,data-v2,completed,val,0.70605,0.61999,0.69353,0.34649,0.644,0.600,0.646,0.770,0.642,0.742,feature/data-v2-abl-e-dysample,runs/data-v2-abl-e-dysample-b16-s42/results.csv + weights/best.pt + train_data-v2-abl-e-dysample-b16-s42.log,results.csv 中 official fitness 最高行为 epoch 264（0.80522）；300 epoch；总体为 epoch 264 精确值，分类别为训练结束 best.pt 验证日志；实现提交 5d91a2b，实际训练 commit 未记录；相对 000 的 Mask mAP50 / mAP50-95 为 -0.01779 / -0.01699；本次 E 未通过门控，不进入组合
data-v2-abl-f-p3strip-b16-s42,data-v2,completed,val,0.65608,0.65928,0.7042,0.35882,0.638,0.610,0.658,0.644,0.705,0.750,feature/data-v2-abl-f-p3strip,runs/data-v2-abl-f-p3strip-b16-s42/results.csv + weights/best.pt + train_data-v2-abl-f-p3strip-b16-s42.log,300 epoch；实际训练 commit 1590ccd；总体为 epoch 237 精确值；相对 000 的 Mask mAP50 / mAP50-95 为 -0.00712 / -0.00466；本次 F 未通过门控，暂不进入 D1+F；results.csv 中 official fitness 最高行为 epoch 237（0.81843）；分类别为训练结束 best.pt 验证日志值；checkpoint fitness=0.81844，CSV 分项求和=0.81843
data-v2-abl-drb-scsa-p34-b16-s42,data-v2,completed,val,0.66955,0.608,0.67664,0.31719,0.689,0.571,0.660,0.658,0.632,0.693,feature/data-v2-abl-drb-scsa,runs/data-v2-abl-drb-scsa-p34-b16-s42/results.csv + weights/best.pt + train_data-v2-abl-drb-scsa-p34-b16-s42.log,正式结构负结果；commit 3a19da2；总体为epoch 231精确值，分类别为日志最终best.pt验证值；相对正式000 Mask mAP50-95下降4.629个百分点，mAP50下降3.468个百分点；分析见experiment_records/runs/data-v2-abl-drb-scsa-p34-b16-s42.md；results.csv 中 official fitness 最高行为 epoch 231（0.72224）
data-v2-abl-g-oristrip-b16-s42,data-v2,completed,val,0.5999,0.73019,0.69628,0.3602,0.542,0.721,0.662,0.669,0.737,0.730,feature/data-v2-abl-g-oristrip,runs/data-v2-abl-g-oristrip-b16-s42/results.csv + weights/best.pt + train_data-v2-abl-g-oristrip-b16-s42.log,P3 定向条带上下文；未通过门控；300 epoch；实际训练 commit 73ec6c0；总体为 epoch 206 精确值；分类别为训练结束 best.pt 验证日志；相对 000 的 Mask mAP50 / mAP50-95 为 -0.01504 / -0.00328，差额小于单轮波动中位数，与 Baseline 不可区分；本次 G 未通过门控，P3 条带/朝向方向不再继续；results.csv 中 official fitness 最高行为 epoch 206（0.81416）
data-v2-cmp1-dss-b16-s42,data-v2,completed,val,0.68346,0.65301,0.71687,0.38929,,,,,,,feature/data-v2-cmp-dss,runs/data-v2-cmp1-dss-b16-s42/results.csv,DSS 三位置复合（DSEM+SFCM+DPRM）；正式单次记录 experiment_records/runs/data-v2-cmp1-dss-b16-s42.md；相对 000 的 Mask mAP50 / mAP50-95 为 +0.00555 / +0.02581；四组留一消融全部通过，冻结为最终模型；Test 终评 0.35216（+1.73 pp）；总体为 epoch 219 精确值，分类别为训练结束 best.pt 复核日志；results.csv 中 official fitness 最高行为 epoch 219（0.85020）
data-v2-cmp2-nodual-b16-s42,data-v2,completed,val,0.74614,0.55123,0.68717,0.34829,,,,,,,feature/data-v2-cmp-dss,runs/data-v2-cmp2-nodual-b16-s42/results.csv,DSS 留一消融：去 DPRM stride-2 残差级（仅关 dual_output）；相对 cmp1 的 Mask mAP50-95 为 -0.04100；组件贡献 +4.10 pp；登记 knowledge/消融实验设计与登记表.md；results.csv 中 official fitness 最高行为 epoch 101（0.78169）
data-v2-cmp2-nodsem-b16-s42,data-v2,completed,val,0.6708,0.6445,0.69199,0.35796,,,,,,,feature/data-v2-cmp-dss,runs/data-v2-cmp2-nodsem-b16-s42/results.csv,DSS 留一消融：去 DSEM 方向条带增强（第 2 层换回 C3k2）；相对 cmp1 的 Mask mAP50-95 为 -0.03133；组件贡献 +3.13 pp；登记 knowledge/消融实验设计与登记表.md；results.csv 中 official fitness 最高行为 epoch 241（0.80787）
data-v2-cmp2-nop2inj-b16-s42,data-v2,completed,val,0.72301,0.62187,0.70415,0.37797,,,,,,,feature/data-v2-cmp-dss,runs/data-v2-cmp2-nop2inj-b16-s42/results.csv,DSS 留一消融：去 DPRM P2 跨阶段注入（仅关 p2_inject）；相对 cmp1 的 Mask mAP50-95 为 -0.01132；组件贡献 +1.13 pp；登记 knowledge/消融实验设计与登记表.md；results.csv 中 official fitness 最高行为 epoch 166（0.82325）
data-v2-cmp2-nosfcm-b16-s42,data-v2,completed,val,0.73308,0.65473,0.71796,0.38135,,,,,,,feature/data-v2-cmp-dss,runs/data-v2-cmp2-nosfcm-b16-s42/results.csv,DSS 留一消融：去 SFCM 前景门（辅助监督保留）；相对 cmp1 的 Mask mAP50-95 为 -0.00794；组件贡献 +0.79 pp；登记 knowledge/消融实验设计与登记表.md；results.csv 中 official fitness 最高行为 epoch 220（0.83913）
data-v2-abl-f2-localgate-b16-s42,data-v2,completed,val,0.63879,0.63051,0.70155,0.34733,,,,,,,feature/data-v2-abl-f2-localgate,runs/data-v2-abl-f2-localgate-b16-s42/results.csv,F 的局部特征引导条带门控；正式单次记录 experiment_records/runs/data-v2-abl-f2-localgate-b16-s42.md；204 epoch 早停（patience=100，best epoch 104）；相对 000 的 Mask mAP50 / mAP50-95 为 -0.00977 / -0.01615，本轮未通过门控；实际训练 commit c13cef0；总体为 epoch 104 精确值，分类别为训练结束 best.pt 复核日志；results.csv 中 official fitness 最高行为 epoch 104（0.79673）
